<?xml version="1.0" encoding="UTF-8" standalone="no"?>
<ConfigHMI project="AT_HMI.iec_hmi">
	<AI>
		<GenHMI name="AI_" maxY="32" maxX="2" startPosX="20" startPosY="20" incX="730"  incY="25" type="T_BaseAnIn_200520" ruName="Наименование" isAlarm="true"> <!--typeUUID="C06031C04C13BB17463EB1B889813E68" -->
			<Hint add0="Наименование" add1=" [" add2="Диапазон_мин" add3=".."  add4="Диапазон_макс" add5= " " add6="Единица_измерения" add7="]" />
			<additionalVar>
				<Analog_Ph_N tableCol="Точность" Type="INT" TypeUUID="47B58C4E4726C8B230965EBE77F1169E" />
			</additionalVar>
		</GenHMI>
		<GenHMI name="SmallAI_" maxY="32" maxX="4" startPosX="20" startPosY="20" incX="300"  incY="40" type="T_BaseSen_200513" ruName="SmallName"> <!--typeUUID="C06031C04C13BB17463EB1B889813E68" -->
			<Hint add0="Наименование" add1=" [" add2="Диапазон_мин" add3=".."  add4="Диапазон_макс" add5= " " add6="Единица_измерения" add7="]" />
			<additionalVar>
				<Analog_Ph_N tableCol="Точность" Type="INT" TypeUUID="47B58C4E4726C8B230965EBE77F1169E" />
			</additionalVar>
		</GenHMI>
	</AI>
	<DGI>
		<GenHMI name="DI_" maxY="32" maxX="2" startPosX="20" startPosY="20" incX="750"  incY="22" type="T_Base_DI_200520" ruName="Наименование" isAlarm="true"> <!-- typeUUID="5298F3F94A79E35B818384B694BB561B" 	-->
			<Hint add0="Наименование" add1=", инв=" add2="Инверсия" add3=", задержка="  add4="Задержка" add5=", тип сигнала: " add6="Тип_сигнала" />
		</GenHMI>
	</DGI>
	<DGO>
		<GenHMI name="DO_" maxY="32" maxX="2" startPosX="20" startPosY="20" incX="730"  incY="21" type="T_Base_DO_200520" ruName="Наименование" isAlarm="true"> <!-- typeUUID="DD87E9C742BB69689219F08BAD99F4B8" -->
			<Hint add0="Наименование" add1=" тип сигнала: " add2="Тип_сигнала" add3=", КЦУ: "  add4="КЦУ" 
			      add5=", адрес " add6="Адрес_1" add7="," add8="Адрес_2" />
		</GenHMI>
	</DGO>
	<mb_AI>
		<GenHMI name="AI_" maxY="32" maxX="2" startPosX="20" startPosY="20" incX="730"  incY="25" type="T_BaseAnIn_200520" ruName="Наименование" isAlarm="true"> <!--typeUUID="C06031C04C13BB17463EB1B889813E68" -->
			<Hint add0="Наименование" add1=" [" add2="Диапазон_мин" add3=".."  add4="Диапазон_макс" add5= " " add6="Единица_измерения" add7="]" />
			<additionalVar>
				<Analog_Ph_N tableCol="Точность" Type="INT" TypeUUID="47B58C4E4726C8B230965EBE77F1169E" />
			</additionalVar>
		</GenHMI>
		<GenHMI name="SmallAI_" maxY="32" maxX="4" startPosX="20" startPosY="20" incX="300"  incY="40" type="T_BaseSen_200513" ruName="SmallName"> <!--typeUUID="C06031C04C13BB17463EB1B889813E68" -->
			<Hint add0="Наименование" add1=" [" add2="Диапазон_мин" add3=".."  add4="Диапазон_макс" add5= " " add6="Единица_измерения" add7="]" />
			<additionalVar>
				<Analog_Ph_N tableCol="Точность" Type="INT" TypeUUID="47B58C4E4726C8B230965EBE77F1169E" />
			</additionalVar>
		</GenHMI>
	</mb_AI>
	<mb_AO>
		<GenHMI name="AO_" maxY="32" maxX="2" startPosX="20" startPosY="20" incX="730"  incY="25" type="T_BaseAnOut_200520" ruName="Наименование" isAlarm="true"> <!--typeUUID="C06031C04C13BB17463EB1B889813E68" -->
			<Hint add0="Наименование" add1=" [" add2="Диапазон_мин" add3=".."  add4="Диапазон_макс" add5= " " add6="Единица_измерения" add7="]" />
			<additionalVar>
				<Analog_Ph_N tableCol="Точность" Type="INT" TypeUUID="47B58C4E4726C8B230965EBE77F1169E" />
			</additionalVar>
		</GenHMI>
		<GenHMI name="SmallAI_" maxY="32" maxX="4" startPosX="20" startPosY="20" incX="300"  incY="40" type="T_BaseSen_AO_200520" ruName="SmallName"> <!--typeUUID="C06031C04C13BB17463EB1B889813E68" -->
			<Hint add0="Наименование" add1=" [" add2="Диапазон_мин" add3=".."  add4="Диапазон_макс" add5= " " add6="Единица_измерения" add7="]" />
			<additionalVar>
				<Analog_Ph_N tableCol="Точность" Type="INT" TypeUUID="47B58C4E4726C8B230965EBE77F1169E" />
			</additionalVar>
		</GenHMI>

	</mb_AO>
	<mb_DI>
		<GenHMI name="DI_" maxY="32" maxX="2" startPosX="20" startPosY="20" incX="750"  incY="22" type="T_Base_DI_200520" ruName="Наименование" isAlarm="true"> <!-- typeUUID="5298F3F94A79E35B818384B694BB561B" 	-->
			<Hint add0="Наименование" add1=", " add2="доп_инфо" add3=", МВ адр. "  add4="mbAddr"/>
		</GenHMI>
	</mb_DI>
	<mb_DO>
		<GenHMI name="DO_" maxY="32" maxX="2" startPosX="20" startPosY="20" incX="730"  incY="21" type="T_Base_DO_200520" ruName="Наименование" isAlarm="true"> <!-- typeUUID="DD87E9C742BB69689219F08BAD99F4B8" -->
			<Hint add0="Наименование" add1=", " add2="доп_инфо" add3=", МВ адр. "  add4="mbAddr"/>
		</GenHMI>
	</mb_DO>
</ConfigHMI>
