<?xml version="1.0" encoding="UTF-8" standalone="no"?>
<!--Ноды "Наименование" и "TAG_NAME_PLC" должны присутствовать в каждой ноде "EXEL"-->
<ConfigSignals>
	<AI excelSheetName="AI" Comment="Аналоговые входы">
        <EXEL>
            <F nameColumnPos="Наименование"/><!--Обязательный нода-->
            <P nameColumnPos="TAG_NAME_PLC" unical="true" type="VarName" childTable="SetPoints" cildCol="TAG_NAME_AnPar"/>
            <G nameColumnPos="Диапазон_мин" type="Number" fRez="" default="0.0"/>
            <H nameColumnPos="Диапазон_макс" type="Number" fRez="" default="100.0"/>
            <J nameColumnPos="Тип_датчика" default="KM04_4_20mA"/>
            <T nameColumnPos="Точность"  type="Int" default="2"/>
            <U nameColumnPos="АЦПmin" swt="Тип_датчика" default="2.0">
				<case val="KM04_0_20mA" def="-0.02"/>
				<case val="KM04_4_20mA" def="0.0"/>
				<case val="Siemens" def="0.0"/>
				<case val="Sonet" def="11773.0"/>
			</U>
            <V nameColumnPos="АЦПmax" swt="Тип_датчика" default="10.0">
				<case val="KM04_0_20mA" def="9.9"/>
				<case val="KM04_4_20mA" def="10.0"/>
				<case val="Siemens" def="27648.0"/>
				<case val="Sonet" def="59714.0"/>
			</V>
            <W nameColumnPos="loLim" type="Number" formula="loLimF"/>
            <X nameColumnPos="hiLim" type="Number" formula="hiLimF"/>
            <Y nameColumnPos="loBrk" type="Number" formula="loBrkF"/>
            <Z nameColumnPos="hiBrk" type="Number" formula="hiBrkF"/>
            <AA nameColumnPos="ROC" type="Number"   default="0.0"/>
            <AB nameColumnPos="recoveryTime" type="Number" default="1.0"/>
            <AC nameColumnPos="tau" type="Number"  default="1.0"/>
            <I nameColumnPos="Единица_измерения" default=""/>
            <K nameColumnPos="Акт_пас" default=""/>
            <L nameColumnPos="Адрес_1" default=""/>
            <M nameColumnPos="Адрес_2" default=""/>
            <N nameColumnPos="Адрес_3" default=""/>
            <Q nameColumnPos="Устройство" type="Int"/>
            <R nameColumnPos="Слот" type="Int"/>
            <S nameColumnPos="Канал" type="Int"/>
			<O nameColumnPos="Примечание" default=""/>
			<AD nameColumnPos="sonetModbus" default=""/>
			<AE nameColumnPos="SmallName" dictionary="SmallName.xml" sourceCol="TAG_NAME_PLC"/>
        </EXEL>
		<Formulas>
			<max column="Диапазон_макс"/>
			<min column="Диапазон_мин"/>
			<range operation="-" operand1="max" operand2="min"/>
			<range1proc operation="/" operand1="range" operand2="100"/>
			<range3proc operation="*" operand1="range1proc" operand2="3"/>
			<range6proc operation="*" operand1="range1proc" operand2="6"/>
			<loLimF operation="-" operand1="min" operand2="range3proc"/>
			<hiLimF operation="+" operand1="max" operand2="range3proc"/>
			<loBrkF operation="-" operand1="min" operand2="range6proc" />
			<hiBrkF operation="+" operand1="max" operand2="range6proc"/>
		</Formulas>
		<GenData>
			<AI_DRV Type="REAL">
				<globData name="AI_DRV">
					<localData int="_Algorithm.int" />
				</globData>	
			</AI_DRV>
			<AI_FromHMI>
				<globData name="AI_FromHMI">
					<localData int="AT_HMI.int"/>
					<localData int="_Algorithm.int" />
				</globData>	
			</AI_FromHMI>
			<AI_ToHMI>
				<globData name="AI_ToHMI">
					<localData int="AT_HMI.int"/>
					<localData int="_Algorithm.int" />
				</globData>	
			</AI_ToHMI>
			<AI_Settings>
				<globData>
					<localData  name="AI_Settings" int="_Algorithm.int"/>
				</globData>
			</AI_Settings>
			<AI_Internal>
				<globData>
					<localData  name="AI_Internal" int="_Algorithm.int"/>
				</globData>
			</AI_Internal>
		</GenData>
		<GenCode >
			<File src="AI_CallAll" target="_Algorithm">
				<Block start="Начало сгенерированного кода AI_init" end="Конец сгенерированного кода">
					<Function name="AI_init">
						<arg><abonent/><text t="_AI_Settings."/><dbd t="TAG_NAME_PLC"/></arg>
						<arg><dbd t="Диапазон_мин"/></arg>
						<arg><dbd t="Диапазон_макс"/></arg>
						<arg><dbd t="АЦПmin"/></arg>
						<arg><dbd t="АЦПmax"/></arg>
						<arg><dbd t="loLim"/></arg>
						<arg><dbd t="hiLim"/></arg>
						<arg><dbd t="loBrk"/></arg>
						<arg><dbd t="hiBrk"/></arg>
						<arg><dbd t="ROC"/></arg>
						<arg><dbd t="recoveryTime"/></arg>
						<arg><text t="repTime"/></arg>
						<arg><dbd t="tau"/></arg>
						<arg><npp/></arg>
					</Function>
				</Block>
				<Block start="Начало сгенерированного кода AI_Processing" end="Конец сгенерированного кода">
					<Function name="AI_Processing">
						<arg><abonent/><text t="_AI_DRV."/><dbd t="TAG_NAME_PLC"/></arg>
						<arg><abonent/><text t="_AI_Settings."/><dbd t="TAG_NAME_PLC"/></arg>
						<arg><abonent/><text t="_AI_FromHMI."/><dbd t="TAG_NAME_PLC"/></arg>
						<arg><abonent/><text t="_AI_ToHMI."/><dbd t="TAG_NAME_PLC"/></arg>
						<arg><abonent/><text t="_AI_Internal."/><dbd t="TAG_NAME_PLC"/></arg>
					</Function>
				</Block>
			</File>
			<File src="AI_Permit" target="_Algorithm">
				<Block start="Начало сгенерированного кода AI_Permit" end="Конец сгенерированного кода">
					<String>
						<abonent/><text t="_AI_FromHMI."/><dbd t="TAG_NAME_PLC"/><text t=".manual := tmpPermit; //"/><dbd t="Наименование"/>
					</String>
				</Block>
			</File>
		</GenCode>
		<GenHW drvFile="_AI_DRV" globData="_AI_DRV"/>
	</AI>
	<SetPoints excelSheetName="ANB" Comment="Уставки аналоговых параметров">
		<GenData>
			<T_ANB Type="BOOL"/>
			<T_GPA_SP_Settings Type="T_SP_Settings"/>
		</GenData>
        <EXEL>
            <C nameColumnPos="TAG_NAME_AnPar" type="VarName"/>
            <D nameColumnPos="direct" registr="down" replace="true" repFrom1="&gt;" repTo1="больше" repFrom2="true" repTo2="больше" repFrom3="&lt;" repTo3="меньше" repFrom4="false" repTo4="меньше"/><!---->
            <E nameColumnPos="limit" type="Number"/>
            <F nameColumnPos="delay" type="Number" default="3"/>
            <G nameColumnPos="тип" registr="up" default="У"  replace="true" repFrom1="U" repTo1="У" repFrom2="A" repTo2="А" repFrom3="P" repTo3="П" repFrom4="O" repTo4="О"/>
            <H nameColumnPos="defVal" type="Int" default="0"/>
            <I nameColumnPos="типПостфикс" switch="тип" var1="О" default1="огр." var2="А" default2="авар." var3="П" default3="предупр." default="упр." />
            <J nameColumnPos="директПостфикс" type="VarName" swith="direct" var1="больше" default1="верхняя" var2="меньше" default2="нижняя"/>
            <K nameColumnPos="typePostfix" switch="тип" var1="У" default1="_U"   var2="А" default2="_A"    var3="П" default3="_P"       var4="О" default4="_O"  />
            <L nameColumnPos="directPostfix"  type="VarName" switch="direct" var1="больше" default1="v"       var2="меньше" default2="n"     />
            <B nameColumnPos="Наименование" add1="типПостфикс" add2="директПостфикс"/>
            <F nameColumnPos="TAG_NAME_PLC" add1="TAG_NAME_AnPar" add2="typePostfix" add3="directPostfix"/>
        </EXEL>
	</SetPoints>
	<AnO excelSheetName="AO" Comment="Аналоговые выходы">
		<GenData>
			<AO_DRV Type="REAL">
				<globData name="AO_DRV">
					<localData int="_Algorithm.int" />
				</globData>	
				<globData name="AO">
					<localData int="AT_HMI.int"/>
					<localData int="_Algorithm.int"/>
				</globData>
			</AO_DRV>
			<AO_FromHMI>
				<globData name="AO_FromHMI">
					<localData int="AT_HMI.int"/>
					<localData int="_Algorithm.int"/>
				</globData>
			</AO_FromHMI>
			<AO_ToHMI>
				<globData name="AO_ToHMI">
					<localData int="AT_HMI.int"/>
					<localData int="_Algorithm.int"/>
				</globData>
			</AO_ToHMI>
			<AO_Settings>
				<globData>
					<localData  name="AO_Settings" int="_Algorithm.int"/>
				</globData>
			</AO_Settings>
		</GenData>
        <EXEL>
            <F nameColumnPos="Наименование" />
            <V nameColumnPos="TAG_NAME_PLC" type="VarName"/>
            <G nameColumnPos="Диапазон_мин" type="Number"/>
            <H nameColumnPos="Диапазон_макс" type="Number" />
            <I nameColumnPos="Единица_измерения" />
            <J nameColumnPos="АЦПмин" />
            <K nameColumnPos="АЦПмакс" />
            <M nameColumnPos="Адрес_1"/>
            <N nameColumnPos="Адрес_2" />
            <O nameColumnPos="Адрес_3" />
            <R nameColumnPos="Устройство" type="Int"/>
            <S nameColumnPos="Слот"  type="Int"/>
            <T nameColumnPos="Канал"  type="Int"/>
            <Z nameColumnPos="Точность"  type="Int"/>
			<AA nameColumnPos="sonetModbus" default=""/>
			<AB nameColumnPos="SmallName" dictionary="SmallName.xml" sourceCol="TAG_NAME_PLC"/>
        </EXEL>
		<GenCode>
			<File src="AO_CallAll" target="_Algorithm">
				<Block start="Начало сгенерированного кода AO_init" end="Конец сгенерированного кода">
					<Function name="AO_init">
						<arg><abonent/><text t="_AO_Settings."/><dbd t="TAG_NAME_PLC"/></arg>
						<arg><dbd t="Диапазон_мин" ifEmpty="0"/></arg>
						<arg><dbd t="Диапазон_макс" ifEmpty="0"/></arg>
						<arg><dbd t="АЦПмин"/></arg>
						<arg><dbd t="АЦПмакс"/></arg>
						<arg><npp/></arg>
					</Function>
				</Block>
				<Block start="Начало сгенерированного кода AO_Processing" end="Конец сгенерированного кода">
					<Function name="AO_Processing">
						<arg><abonent/><text t="_AO."/><dbd t="TAG_NAME_PLC"/></arg>
						<arg><abonent/><text t="_AO_Settings."/><dbd t="TAG_NAME_PLC"/></arg>
						<arg><abonent/><text t="_AO_FromHMI."/><dbd t="TAG_NAME_PLC"/></arg>
						<arg><abonent/><text t="_AO_ToHMI."/><dbd t="TAG_NAME_PLC"/></arg>
						<arg><abonent/><text t="_AO_DRV."/><dbd t="TAG_NAME_PLC"/></arg>
					</Function>
				</Block>
			</File>
			<File src="AO_Permit" target="_Algorithm">
				<Block start="Начало сгенерированного кода AO_Permit" end="Конец сгенерированного кода">
					<String>
						<abonent/><text t="_AO_FromHMI."/><dbd t="TAG_NAME_PLC"/><text t=".manual := tmpPermit; //"/><dbd t="Наименование"/>
					</String>
				</Block>
			</File>
		</GenCode>
	</AnO>
	<DGI excelSheetName="DGI" Comment="Дискретные входы">
		<GenData>
			<DI_DRV Type="BOOL">
				<globData name="DI_DRV">
					<localData int="AT_HMI.int"/>
					<localData int="_Algorithm.int" />
				</globData>	
				<globData name="DI">
					<localData int="AT_HMI.int"/>
					<localData int="_Algorithm.int"/>
				</globData>
			</DI_DRV>
			<DI_FromHMI>
				<globData name="DI_FromHMI">
					<localData int="AT_HMI.int"/>
					<localData int="_Algorithm.int"/>
				</globData>
			</DI_FromHMI>
			<DI_ToHMI>
				<globData name="DI_ToHMI">
					<localData int="AT_HMI.int"/>
					<localData int="_Algorithm.int"/>
				</globData>
			</DI_ToHMI>
			<DI_Settings>
				<globData>
					<localData  name="DI_Settings" int="_Algorithm.int"/>
				</globData>
			</DI_Settings>
			<DI_Internal>
				<globData>
					<localData  name="DI_Internal" int="_Algorithm.int"/>
				</globData>
			</DI_Internal>
		</GenData>
        <EXEL>
            <F nameColumnPos="Наименование" />
            <K nameColumnPos="TAG_NAME_PLC" unical="true" type="VarName"/>
            <G nameColumnPos="Тип_сигнала" default="НО СК"/>
            <P nameColumnPos="Инверсия" type="bool" default="false"/>
            <H nameColumnPos="Адрес_1" default=""/>
            <I nameColumnPos="Адрес_2" default="" />
            <L nameColumnPos="Устройство" type="Int"/>
            <M nameColumnPos="Слот"  type="Int"/>
            <N nameColumnPos="Канал"  type="Int"/>
            <O nameColumnPos="Задержка"  type="Number" default="0.0"/>
			<Q nameColumnPos="КЦД" default="false"/>
			<J nameColumnPos="Примечание" default=""/>
			<R nameColumnPos="sonetModbus" default=""/>
        </EXEL>
		<GenCode>
			<File src="DI_CallAll" target="_Algorithm">
				<Block start="Начало сгенерированного кода DI_init" end="Конец сгенерированного кода">
					<Function name="DI_init">
						<arg><abonent/><text t="_DI_Settings."/><dbd t="TAG_NAME_PLC"/></arg>
						<arg><text t="repTime"/></arg>
						<arg><dbd t="Задержка"/></arg>
						<arg><dbd t="Инверсия"/></arg>
						<arg><npp/></arg>
					</Function>
				</Block>
				<Block start="Начало сгенерированного кода DI_Processing" end="Конец сгенерированного кода">
					<Function name="DI_Processing">
						<arg><abonent/><text t="_DI_DRV."/><dbd t="TAG_NAME_PLC"/></arg>
						<arg><dbd t="КЦД"/></arg>
						<arg><abonent/><text t="_DI_Settings."/><dbd t="TAG_NAME_PLC"/></arg>
						<arg><abonent/><text t="_DI_FromHMI."/><dbd t="TAG_NAME_PLC"/></arg>
						<arg><abonent/><text t="_DI_ToHMI."/><dbd t="TAG_NAME_PLC"/></arg>
						<arg><abonent/><text t="_DI_Internal."/><dbd t="TAG_NAME_PLC"/></arg>
						<arg><abonent/><text t="_DI."/><dbd t="TAG_NAME_PLC"/></arg>
					</Function>
				</Block>
			</File>
			<File src="DI_Permit" target="_Algorithm">
				<Block start="Начало сгенерированного кода DI_Permit" end="Конец сгенерированного кода">
					<String>
						<abonent/><text t="_DI_ToHMI."/><dbd t="TAG_NAME_PLC"/><text t=".manual := tmpPermit; //"/><dbd t="Наименование"/>
					</String>
				</Block>
			</File>
		</GenCode>
		<GenHW drvFile="_DI_DRV" globData="_DI_DRV"/>
	</DGI>
	<DGO excelSheetName="DGO" Comment="Дискретные выходы">
		<GenData>
			<DO_DRV Type="BOOL">
				<globData name="DO_DRV">
					<localData int="AT_HMI.int"/>
					<localData int="_Algorithm.int" />
				</globData>	
				<globData name="DO">
					<localData int="AT_HMI.int"/>
					<localData int="_Algorithm.int"/>
				</globData>
			</DO_DRV>
			<DO_FromHMI>
				<globData name="DO_FromHMI">
					<localData int="AT_HMI.int"/>
					<localData int="_Algorithm.int"/>
				</globData>
			</DO_FromHMI>
			<DO_ToHMI>
				<globData name="DO_ToHMI">
					<localData int="AT_HMI.int"/>
					<localData int="_Algorithm.int"/>
				</globData>
			</DO_ToHMI>
		</GenData>	
        <EXEL>
            <F nameColumnPos="Наименование" />
            <K nameColumnPos="TAG_NAME_PLC" unical="true" type="VarName"/>
            <G nameColumnPos="Тип_сигнала"  default=""/>
            <H nameColumnPos="Адрес_1" default=""/>
            <I nameColumnPos="Адрес_2"  default=""/>
            <L nameColumnPos="Устройство" type="Int"/>
            <M nameColumnPos="Слот"  type="Int"/>
            <N nameColumnPos="Канал"  type="Int"/>
			<P nameColumnPos="КЦУ" default="false"/>
			<J nameColumnPos="Примечание" default=""/>
			<O nameColumnPos="sonetModbus" default=""/>
        </EXEL>
		<GenCode>
			<File src="DO_CallAll" target="_Algorithm">
				<Block start="Начало сгенерированного кода DO_Processing" end="Конец сгенерированного кода">
					<Function name="DO_Processing">
						<arg><abonent/><text t="_DO."/><dbd t="TAG_NAME_PLC"/></arg>
						<arg><abonent/><text t="_DO_FromHMI."/><dbd t="TAG_NAME_PLC"/></arg>
						<arg><abonent/><text t="_DO_ToHMI."/><dbd t="TAG_NAME_PLC"/></arg>
						<arg><abonent/><text t="_DO_DRV."/><dbd t="TAG_NAME_PLC"/></arg>
					</Function>
				</Block>
			</File>
			<File src="DO_Permit" target="_Algorithm">
				<Block start="Начало сгенерированного кода DO_Permit" end="Конец сгенерированного кода">
					<String>
						<abonent/><text t="_DO_ToHMI."/><dbd t="TAG_NAME_PLC"/><text t=".forsPermit := tmpPermit; //"/><dbd t="Наименование"/>
					</String>
				</Block>
			</File>
		</GenCode>
		<GenHW drvFile="_DO_DRV" globData="_DO_DRV"/>
	</DGO>
	<mb_AI excelSheetName="mb_AI" Comment="Аналоговые входы. Modbus: ">
        <EXEL info="R1C2">
            <B nameColumnPos="Наименование"/><!--Ноды "Наименование" и "TAG_NAME_PLC" должны присутствовать в каждой ноде "EXEL"-->
            <C nameColumnPos="TAG_NAME_PLC" unical="true" type="VarName" childTable="SetPoints" cildCol="TAG_NAME_AnPar"/>
            <D nameColumnPos="Диапазон_мин" type="Number" fRez="" default="0.0"/>
            <E nameColumnPos="Диапазон_макс" type="Number" fRez="" default="100.0"/>
            <F nameColumnPos="Единица_измерения" default=""/>
            <G nameColumnPos="Точность"  type="Int" default="2"/>
			<H nameColumnPos="Примечание" default=""/>
			<I nameColumnPos="tau" default=""/>
			<J nameColumnPos="доп_инфо" default=""/>
            <K nameColumnPos="loLim" type="Number" formula="loLimF"/>
            <L nameColumnPos="hiLim" type="Number" formula="loLimF"/>
            <M nameColumnPos="loBrk" type="Number" formula="loLimF"/>
            <N nameColumnPos="hiBrk" type="Number" formula="loLimF"/>
			<O nameColumnPos="dataType" default="ABCD"/>
			<P nameColumnPos="Set1" type="Int" default=""/>
			<Q nameColumnPos="Set2" type="Int" default=""/>
			<R nameColumnPos="mbAddr" type="Int" modbus="dataType"/>
			<S nameColumnPos="SmallName" dictionary="SmallName.xml" sourceCol="TAG_NAME_PLC"/>
        </EXEL>
		<GenData>
			<AI_DRV dictionary="ModbusFormat.xml" col="dataType" ifEmpty="REAL">
				<globData name="AI_DRV">
					<localData int="_Algorithm.int" />
				</globData>	
			</AI_DRV>
			<AI_FromHMI typeFile="T_AI_FromHMI.type">
				<globData name="AI_FromHMI">
					<localData int="AT_HMI.int"/>
					<localData int="_Algorithm.int" />
				</globData>	
			</AI_FromHMI>
			<AI_ToHMI typeFile="T_AI_ToHMI.type">
				<globData name="AI_ToHMI">
					<localData int="AT_HMI.int"/>
					<localData int="_Algorithm.int" />
				</globData>	
			</AI_ToHMI>
			<AI_Settings>
				<globData>
					<localData  name="mb_AI_Settings" int="_Algorithm.int"/>
				</globData>
			</AI_Settings>
		</GenData>
		<GenCode>
			<File src="AI_CallAll" target="_Algorithm">
				<Block start="Начало сгенерированного кода AI_init" end="Конец сгенерированного кода">
					<Function name="AI_init">
						<arg><abonent/><text t="_AI_Settings."/><dbd t="TAG_NAME_PLC"/></arg>
						<arg><dbd t="Диапазон_мин" ifEmpty="0"/></arg>
						<arg><dbd t="Диапазон_макс" ifEmpty="0"/></arg>
						<arg><dict t="dataType" dictionary="ModbusFormat.xml" ifEmpty="0"/></arg>
						<arg><dbd t="Set1" ifEmpty="0"/></arg>
						<arg><dbd t="Set2" ifEmpty="0"/></arg>
						<arg><dbd t="loLim" ifEmpty="0"/></arg>
						<arg><dbd t="hiLim" ifEmpty="0"/></arg>
						<arg><dbd t="loBrk" ifEmpty="0"/></arg>
						<arg><dbd t="hiBrk" ifEmpty="0"/></arg>
						<arg><dbd t="tau" ifEmpty="0"/></arg>
						<arg><npp/></arg>
					</Function>
				</Block>
				<Block start="Начало сгенерированного кода AI_Processing" end="Конец сгенерированного кода">
					<Function name="AI_Processing">
						<arg>
							<switch swt="dataType" default="">
								<case val="ABxN" def="INT_TO_REAL("/>
								<case val="BAxN" def="INT_TO_REAL("/>
								<case val="ABxR" def="INT_TO_REAL("/>
								<case val="BAxR" def="INT_TO_REAL("/>
							</switch>
							<abonent/>
							<text t="_AI_DRV."/>
							<dbd t="TAG_NAME_PLC"/>
							<switch swt="dataType" default="">
								<case val="ABxN" def=")"/>
								<case val="BAxN" def=")"/>
								<case val="ABxR" def=")"/>
								<case val="BAxR" def=")"/>
							</switch>
						</arg>
						<arg><abonent/><text t="_AI_Settings."/><dbd t="TAG_NAME_PLC"/></arg>
						<arg><abonent/><text t="_AI_FromHMI."/><dbd t="TAG_NAME_PLC"/></arg>
						<arg><abonent/><text t="_AI_ToHMI."/><dbd t="TAG_NAME_PLC"/></arg>
						<arg><abonent/><text t="_AI_Internal."/><dbd t="TAG_NAME_PLC"/></arg>
					</Function>
				</Block>
			</File>
			<File src="AI_Permit" target="_Algorithm">
				<Block start="Начало сгенерированного кода AI_Permit" end="Конец сгенерированного кода">
					<String>
						<abonent/><text t="_AI_FromHMI."/><dbd t="TAG_NAME_PLC"/><text t=".manual := tmpPermit; //"/><dbd t="Наименование"/>
					</String>
				</Block>
			</File>
		</GenCode>
		<GenHW drvFile="_AI_DRV" globData="_AI_DRV"/>
	</mb_AI>
	<mb_AO excelSheetName="mb_AO" Comment="Аналоговые выходы. Modbus: ">
		<GenData>
			<AO_DRV dictionary="ModbusFormat.xml" col="dataType" ifEmpty="REAL">
				<globData name="AO_DRV">
					<localData int="AT_HMI.int"/>
					<localData int="_Algorithm.int" />
				</globData>	
				<globData name="AO">
					<localData int="AT_HMI.int"/>
					<localData int="_Algorithm.int"/>
				</globData>
			</AO_DRV>
			<AO_FromHMI typeFile="T_AO_FromHMI.type">
				<globData name="AO_FromHMI">
					<localData int="AT_HMI.int"/>
					<localData int="_Algorithm.int"/>
				</globData>
			</AO_FromHMI>
			<AO_ToHMI typeFile="T_AO_ToHMI.type">
				<globData name="AO_ToHMI">
					<localData int="AT_HMI.int"/>
					<localData int="_Algorithm.int"/>
				</globData>
			</AO_ToHMI>
			<AO_Settings>
				<globData>
					<localData  name="AO_Settings" int="_Algorithm.int"/>
				</globData>
			</AO_Settings>
		</GenData>
        <EXEL info="R1C2">
            <B nameColumnPos="Наименование"/><!--Ноды "Наименование" и "TAG_NAME_PLC" должны присутствовать в каждой ноде "EXEL"-->
            <C nameColumnPos="TAG_NAME_PLC" unical="true" type="VarName" childTable="SetPoints" cildCol="TAG_NAME_AnPar"/>
            <D nameColumnPos="Диапазон_мин" type="Number" fRez="" default="0.0"/>
            <E nameColumnPos="Диапазон_макс" type="Number" fRez="" default="100.0"/>
            <F nameColumnPos="Единица_измерения" default=""/>
            <G nameColumnPos="Точность"  type="Int" default="2"/>
			<H nameColumnPos="Примечание" default=""/>
			<I nameColumnPos="доп_инфо" default=""/>
			<J nameColumnPos="dataType" default="ABCD"/>
			<K nameColumnPos="Set1" type="Int" default=""/>
			<L nameColumnPos="Set2" type="Int" default=""/>
			<M nameColumnPos="mbAddr" type="Int" modbus="dataType"/>
			<N nameColumnPos="SmallName" dictionary="SmallName.xml" sourceCol="TAG_NAME_PLC"/>
        </EXEL>
		<GenCode>
			<File src="mb_AO_CallAll" target="_Algorithm">
				<Block start="Начало сгенерированного кода AO_init" end="Конец сгенерированного кода">
					<Function name="AO_init">
						<arg><abonent/><text t="_AO_Settings."/><dbd t="TAG_NAME_PLC"/></arg>
						<arg><dbd t="Диапазон_мин" ifEmpty="0"/></arg>
						<arg><dbd t="Диапазон_макс" ifEmpty="0"/></arg>
						<arg><dict t="dataType" dictionary="ModbusFormat.xml" ifEmpty="0"/></arg>
						<arg><dbd t="Set1" ifEmpty="0"/></arg>
						<arg><dbd t="Set2" ifEmpty="0"/></arg>
						<arg><npp/></arg>
					</Function>
				</Block>
				<Block start="Начало сгенерированного кода AO_Processing" end="Конец сгенерированного кода">
					<Function name="AO_Processing">
						<arg><abonent/><text t="_AO."/><dbd t="TAG_NAME_PLC"/></arg>
						<arg><abonent/><text t="_AO_Settings."/><dbd t="TAG_NAME_PLC"/></arg>
						<arg><abonent/><text t="_AO_FromHMI."/><dbd t="TAG_NAME_PLC"/></arg>
						<arg><abonent/><text t="_AO_ToHMI."/><dbd t="TAG_NAME_PLC"/></arg>
						<arg><text t="tmpReal"/></arg>
						<arg><text t="tmpInt"/></arg>
					</Function>
					<String>
						<abonent/><text t="_AO_DRV."/><dbd t="TAG_NAME_PLC"/><text t=" := "/>
						<switch swt="dataType" default="tmpReal">
							<case val="ABxN" def="tmpInt"/>
							<case val="BAxN" def="tmpInt"/>
							<case val="ABxR" def="tmpInt"/>
							<case val="BAxR" def="tmpInt"/>
						</switch>
						<text t="; //"/><dbd t="Наименование"/>
					</String>
				</Block>
			</File>
			<File src="AO_Permit" target="_Algorithm">
				<Block start="Начало сгенерированного кода AO_Permit" end="Конец сгенерированного кода">
					<String>
						<abonent/><text t="_AO_FromHMI."/><dbd t="TAG_NAME_PLC"/><text t=".manual := tmpPermit; //"/><dbd t="Наименование"/>
					</String>
				</Block>
			</File>
		</GenCode>
		<GenHW drvFile="_AO_DRV" globData="_AO_DRV"/>
	</mb_AO>
	<mb_DI excelSheetName="mb_DI" Comment="Дискретные входы. Modbus: ">
		<GenData>
			<DI_DRV Type="BOOL">
				<globData name="DI_DRV">
					<localData int="AT_HMI.int"/>
					<localData int="_Algorithm.int" />
				</globData>	
				<globData name="DI">
					<localData int="AT_HMI.int"/>
					<localData int="_Algorithm.int"/>
				</globData>
			</DI_DRV>
			<DI_FromHMI typeFile="T_DI_FromHMI.type">
				<globData name="DI_FromHMI">
					<localData int="AT_HMI.int"/>
					<localData int="_Algorithm.int"/>
				</globData>
			</DI_FromHMI>
			<DI_ToHMI typeFile="T_DI_ToHMI.type">
				<globData name="DI_ToHMI">
					<localData int="AT_HMI.int"/>
					<localData int="_Algorithm.int"/>
				</globData>
			</DI_ToHMI>
		</GenData>
        <EXEL info="R1C2">
            <B nameColumnPos="Наименование"/><!--Ноды "Наименование" и "TAG_NAME_PLC" должны присутствовать в каждой ноде "EXEL"-->
            <C nameColumnPos="TAG_NAME_PLC" unical="true" type="VarName" childTable="SetPoints" cildCol="TAG_NAME_AnPar"/>
			<D nameColumnPos="Примечание" default=""/>
			<E nameColumnPos="доп_инфо" default=""/>
			<F nameColumnPos="mbAddr" modbus="bit"/>
        </EXEL>
		<GenCode>
			<File src="DI_CallAll" target="_Algorithm">
				<Block start="Начало сгенерированного кода DO_Processing">
					<Function name="DO_Processing">
						<arg><abonent/><text t="_DI_DRV."/><dbd t="TAG_NAME_PLC"/></arg>
						<arg><abonent/><text t="_DI_FromHMI."/><dbd t="TAG_NAME_PLC"/></arg>
						<arg><abonent/><text t="_DI_ToHMI."/><dbd t="TAG_NAME_PLC"/></arg>
						<arg><abonent/><text t="_DI."/><dbd t="TAG_NAME_PLC"/></arg>
					</Function>
				</Block>
			</File>
			<File src="DO_Permit" target="_Algorithm">
				<Block start="Начало сгенерированного кода DI_Permit">
					<String>
						<abonent/><text t="_DI_ToHMI."/><dbd t="TAG_NAME_PLC"/><text t=".forsPermit := tmpPermit; //"/><dbd t="Наименование"/>
					</String>
				</Block>
			</File>
		</GenCode>
		<GenHW drvFile="_DI_DRV" globData="_DI_DRV"/>
	</mb_DI>
	<mb_DO excelSheetName="mb_DO" Comment="Дискретные выходы. Modbus: ">
		<GenData>
			<DO_DRV Type="BOOL">
				<globData name="DO_DRV">
					<localData int="AT_HMI.int"/>
					<localData int="_Algorithm.int" />
				</globData>	
				<globData name="DO">
					<localData int="AT_HMI.int"/>
					<localData int="_Algorithm.int"/>
				</globData>
			</DO_DRV>
			<DO_FromHMI typeFile="T_DO_FromHMI.type">
				<globData name="DO_FromHMI">
					<localData int="AT_HMI.int"/>
					<localData int="_Algorithm.int"/>
				</globData>
			</DO_FromHMI>
			<DO_ToHMI typeFile="T_DO_ToHMI.type">
				<globData name="DO_ToHMI">
					<localData int="AT_HMI.int"/>
					<localData int="_Algorithm.int"/>
				</globData>
			</DO_ToHMI>
		</GenData>
        <EXEL info="R1C2">
            <B nameColumnPos="Наименование"/><!--Ноды "Наименование" и "TAG_NAME_PLC" должны присутствовать в каждой ноде "EXEL"-->
            <C nameColumnPos="TAG_NAME_PLC" unical="true" type="VarName" childTable="SetPoints" cildCol="TAG_NAME_AnPar"/>
			<D nameColumnPos="Примечание" default=""/>
			<E nameColumnPos="доп_инфо" default=""/>
			<F nameColumnPos="mbAddr" modbus="bit"/>
        </EXEL>
		<GenCode>
			<File src="DO_CallAll" target="_Algorithm">
				<Block start="Начало сгенерированного кода DO_Processing">
					<Function name="DO_Processing">
						<arg><abonent/><text t="_DO."/><dbd t="TAG_NAME_PLC"/></arg>
						<arg><abonent/><text t="_DO_FromHMI."/><dbd t="TAG_NAME_PLC"/></arg>
						<arg><abonent/><text t="_DO_ToHMI."/><dbd t="TAG_NAME_PLC"/></arg>
						<arg><abonent/><text t="_DO_DRV."/><dbd t="TAG_NAME_PLC"/></arg>
					</Function>
				</Block>
			</File>
			<File src="DO_Permit" target="_Algorithm">
				<Block start="Начало сгенерированного кода DO_Permit">
					<String>
						<abonent/><text t="_DO_ToHMI."/><dbd t="TAG_NAME_PLC"/><text t=".forsPermit := tmpPermit; //"/><dbd t="Наименование"/>
					</String>
				</Block>
			</File>
		</GenCode>
		<GenHW drvFile="_DO_DRV" globData="_DO_DRV"/> <!--hwFile="_modbus.mb_cfg" intFile="_modbus.int"/-->
	</mb_DO>
</ConfigSignals>
